Input,20.364061838193976
0,11.151901483849137,0.08523688465356827
1,12.346763924948457,0.06685029715299606
2,13.107770893984297,0.057560134679079056
3,14.050602734983821,0.04808389022946358
4,13.15973238011378,0.05709013342857361
5,15.042082964168591,0.040241021662950516
6,15.151687007219794,0.039454881101846695
7,15.278615105112088,0.03860226273536682
8,15.70288884563582,0.03585559129714966
9,16.138985232427373,0.0333281047642231
10,16.345000259695716,0.03221486881375313
11,16.330948342238965,0.03228497877717018
12,16.544779257259325,0.031173957511782646
13,16.649727363551268,0.030631324276328087
14,16.760868163437305,0.030058234930038452
15,17.05201485673556,0.028684960678219795
16,17.054022062685522,0.02864592708647251
17,17.09145400136355,0.028441088274121284
18,17.12148917373557,0.02831890434026718
19,17.3105016177741,0.027494167909026146
20,17.421620188693986,0.02701701782643795
21,17.398066785713265,0.02713855169713497
22,17.5497874266534,0.02652008831501007
23,17.30003888324052,0.027575140818953514
24,17.74901665322596,0.02574467472732067
25,17.626458965864533,0.026224449276924133
26,17.724863428892395,0.025841549038887024
27,17.55774410287066,0.026485884562134743
28,17.564381920984598,0.026472778990864754
29,17.84759646463199,0.025375379249453545
30,17.767467578339044,0.02565607987344265
31,17.70796354955121,0.025894904509186745
32,17.974567928099013,0.02490052580833435
33,18.02621036127755,0.024717174470424652
34,17.829045887137212,0.025445008650422096
35,17.954707032497147,0.02497202157974243
36,18.070718840814624,0.024554556235671043
37,17.83421030748795,0.025423802435398102
38,17.871349455091433,0.025280078873038292
39,18.023986591499327,0.02472243644297123
40,18.036520732852264,0.024666965007781982
41,18.092921250891298,0.024473892524838448
42,18.09798021358479,0.024470029398798943
43,18.27752476532033,0.02381919138133526
44,18.135384917908432,0.024317821487784386
45,17.985530511676064,0.024851322174072266
46,18.313171010004396,0.023709861561655998
47,18.23846694371059,0.023961447179317474
48,18.269178315292493,0.023863205686211586
49,18.230768005100174,0.024012675508856773
50,18.496618589468376,0.023122498765587807
51,18.398269158279767,0.023451238870620728
52,18.41295716964306,0.023401513695716858
53,18.389988642468925,0.023467907682061195
54,18.437964067883716,0.023298202082514763
55,18.52660783468001,0.023010706529021263
56,18.390113178897288,0.02344343066215515
57,18.38158514544641,0.023464282974600792
58,18.342837483272334,0.023598039522767067
59,18.575155307644163,0.022845150902867317
60,18.420852836500888,0.023345155641436577
61,18.666359687482252,0.02257860265672207
62,18.537903534028157,0.02299397438764572
63,18.617410802402755,0.022726422175765038
64,18.677724549973064,0.022532569244503975
65,18.808967690360557,0.02214798517525196
66,18.694801248444413,0.022486930713057518
67,18.61596771561163,0.022727904841303825
68,18.815047104230768,0.022123411297798157
69,18.880544501032873,0.021915636956691742
70,18.823285465027446,0.022096646949648857
71,18.82971901652931,0.02205519936978817
72,19.102810288928424,0.021284883841872215
73,19.04433932130038,0.021464571356773376
74,19.164370050174213,0.02111375890672207
75,19.203410148940655,0.02100258506834507
76,19.259852468629354,0.020864589139819145
77,19.27367638537129,0.020808981731534004
78,19.441639490583903,0.020367449149489403
79,19.564781020104974,0.020062923431396484
80,19.495258029733776,0.020235756412148476
81,19.483677527583655,0.020273078233003616
82,19.680323930403947,0.019760778173804283
83,19.530351191179562,0.020137252286076546
84,19.50767274740504,0.020200980827212334
85,19.589852178875468,0.01999104954302311
86,19.765061064039426,0.01955028437077999
87,19.75859800137437,0.01957406848669052
88,19.90533708043603,0.019234709441661835
89,19.803598530822253,0.019470658153295517
90,20.041499626781693,0.018932359293103218
91,19.942612629917093,0.01915711723268032
92,20.057532547107964,0.01888369955122471
93,19.953217930991315,0.0191440898925066
94,20.141450221650654,0.018708735704421997
95,20.185494370580038,0.0185888409614563
96,20.213740156424407,0.018526067957282066
97,20.2327728157953,0.018508922308683395
98,20.363288624774754,0.018212784081697464
99,20.36120360071916,0.018229151144623756
100,20.34870301683979,0.018253864720463753
101,20.376159994145027,0.018183553591370583
102,20.37796255386276,0.018203210085630417
103,20.4710869250528,0.017986880615353584
104,20.576737505004914,0.017797447741031647
105,20.534404170412493,0.017868049442768097
106,20.488186050338278,0.017971349880099297
107,20.582378396228684,0.017765775322914124
108,20.695747350585737,0.017548872157931328
109,20.629640649937745,0.01768047735095024
110,20.620160510395014,0.017704056575894356
111,20.693182007693018,0.017552154138684273
112,20.824760247151023,0.017304468899965286
113,20.714764056305963,0.01750822737812996
114,20.761727593192838,0.017430810257792473
115,20.80425573016462,0.017343880608677864
116,20.87953755002703,0.017196068540215492
117,20.88108165494038,0.017182618379592896
118,20.920786509241207,0.017111049965023994
119,21.008087409051015,0.01695769838988781
120,20.907505518177732,0.017162753269076347
121,20.986897446492442,0.017007984220981598
122,21.065856413955323,0.01685589738190174
123,21.070905352528175,0.016852205619215965
124,21.05632475601476,0.016879746690392494
125,21.08540137501211,0.016812926158308983
126,21.101748803605744,0.01679695025086403
127,21.119479268300303,0.01677134819328785
128,21.126291557256284,0.016759606078267097
129,21.238174126058446,0.016565952450037003
130,21.245244539545002,0.016538938507437706
131,21.24158861801575,0.016570622101426125
132,21.3323757425551,0.016408143565058708
133,21.26856983831305,0.01650458201766014
134,21.16979508977346,0.01668674685060978
135,21.38021630167041,0.01631675660610199
136,21.30878241456187,0.016446281224489212
137,21.478814673220192,0.01616155169904232
138,21.378729615345485,0.016342543065547943
139,21.450489775018156,0.016222430393099785
140,21.427101727247837,0.016265390440821648
141,21.503765481076876,0.016115162521600723
142,21.452035405308536,0.016198454424738884
143,21.500028399774102,0.01611539162695408
144,21.561214843362173,0.01602129451930523
145,21.68612812914674,0.01583671383559704
146,21.64538999859944,0.015899593010544777
147,21.78176135935136,0.015684498474001884
148,21.802594175543707,0.01564152166247368
149,21.655093602110917,0.015870394185185432
150,21.75946040052271,0.01571127586066723
151,21.840724179070875,0.015591807663440704
152,21.818800491520626,0.015632854774594307
153,21.760891417136364,0.015707947313785553
154,21.834947931371286,0.015595458447933197
155,21.900612097039662,0.015495476312935352
156,21.809078682525197,0.015626149252057076
157,21.845940078481775,0.015593294985592365
158,21.886518120842503,0.015521730296313763
159,21.97324873519843,0.015406494028866291
160,21.925816399752158,0.015470440499484539
161,22.000822009332637,0.01536488812416792
162,21.916397995730303,0.015466920100152493
163,21.962501812186904,0.015412707813084126
164,22.029013371780216,0.015314750373363495
165,22.08020733545807,0.015244203619658947
166,22.157938348242496,0.015134968794882298
167,22.099008308725697,0.015227421186864376
168,22.084688343540584,0.015226740390062332
169,22.119449397006456,0.015181884169578552
170,22.175248132223135,0.015097820200026035
171,22.27592288287836,0.014965653419494629
172,22.096855461808786,0.015223574824631214
173,22.178621629201434,0.015113066881895065
174,22.271095708112366,0.014973423443734646
175,22.31571394143945,0.014920325018465519
176,22.22591174983871,0.015041847713291645
177,22.375091354548605,0.014845218509435654
178,22.305397943045897,0.014927110634744167
179,22.334301344374232,0.014890690334141254
180,22.37370094941083,0.014830280095338821
181,22.400442803457395,0.014809665270149708
182,22.392514781404415,0.01481782179325819
183,22.41137245281127,0.014798820950090885
184,22.392038060249895,0.014814256690442562
185,22.43989096952889,0.014746570028364658
186,22.47368761369851,0.01470290869474411
187,22.568365751798094,0.01458672434091568
188,22.549084173720644,0.014606710523366928
189,22.504442906012695,0.014661286026239395
190,22.471448074484158,0.014715674333274364
191,22.623964708334455,0.014504102058708668
192,22.55817267396726,0.014589153230190277
193,22.62324157604312,0.01450720801949501
194,22.615299286237814,0.014529506675899029
195,22.687815873752882,0.01443322654813528
196,22.601319037473484,0.01452828198671341
197,22.714521675141484,0.014398536644876003
198,22.697641133576735,0.014419066719710827
199,22.66606130828446,0.014448858797550201
200,22.805377698764346,0.01428953930735588
201,22.755553305340616,0.01434443611651659
202,22.762204431119166,0.014353327453136444
203,22.746760834405997,0.01436393242329359
204,22.781049608636987,0.01432583574205637
205,22.85532701141257,0.014237545430660248
206,22.825613824919312,0.01425812765955925
207,22.872557744636147,0.014204188250005245
208,22.764361797428663,0.014322087168693542
209,22.90123595201138,0.014184199273586273
210,22.832948571703056,0.014254341833293438
211,22.92692949991416,0.014140326529741287
212,23.049319782554893,0.014008923433721066
213,22.918016730736795,0.01414752658456564
214,22.975333447638683,0.014098509214818478
215,23.006657837742857,0.01406031847000122
216,23.00630693277941,0.014044973067939281
217,22.943933421482004,0.014124578796327114
218,23.062456926500058,0.013988207094371319
219,23.078065762346576,0.013974265195429325
220,23.083150724392596,0.013971383683383465
221,23.060755911937214,0.013995666056871414
222,23.101086097321794,0.013958160765469074
223,23.040612243802787,0.014003943651914597
224,23.07207485653647,0.013977679423987865
225,23.044513494477417,0.014015805907547474
226,23.13091922946058,0.013915558345615864
227,23.17825140242316,0.013862029649317265
228,23.062357203040943,0.013979561626911163
229,23.340294110504118,0.013688704930245876
230,23.15423808364704,0.013888385146856308
231,23.23744375069908,0.013789868913590908
232,23.238285969748,0.013779260218143463
233,23.22441627872641,0.013795885257422924
234,23.319457392775583,0.013697314076125622
235,23.224107148648176,0.013800601474940777
236,23.280307501380243,0.013740683905780315
237,23.280217454462708,0.013741017319262028
238,23.230588953390843,0.013793555088341236
239,23.312070349328504,0.013719446957111359
240,23.349555626639884,0.013670825399458408
241,23.298936402640372,0.013726838864386082
242,23.489359522304678,0.01352652907371521
243,23.422936294492533,0.01358566340059042
244,23.350945867231463,0.013658542186021805
245,23.48933671432972,0.01351827010512352
246,23.445405684471417,0.013556406833231449
247,23.463826281287954,0.013549753464758396
248,23.429297386931314,0.013586274348199368
249,23.372659838972687,0.013648937456309795
250,23.434350034468785,0.013582252897322178
251,23.44907855157672,0.013572604395449162
252,23.549445977356456,0.013457813300192356
253,23.554120980210612,0.013470307923853397
254,23.564330504486435,0.013440524227917194
255,23.568122098733202,0.013442542403936386
256,23.429093664279797,0.013570119626820087
257,23.621753948040546,0.013396677561104298
258,23.664288384072968,0.013343694619834423
259,23.605578942115578,0.013398193754255772
260,23.64116928376759,0.013377307914197445
261,23.631347235060236,0.013369404710829258
262,23.800005400893788,0.013203387148678303
263,23.615199030372573,0.013389930129051208
264,23.686784078941475,0.01332035195082426
265,23.725444478563237,0.013277370482683182
266,23.642990591895984,0.013363923877477646
267,23.713099792745332,0.013290248811244965
268,23.789103923955576,0.013227245770394802
269,23.732741531363363,0.013284716755151749
270,23.71659058259304,0.013295016251504421
271,23.823534511548452,0.013190820813179016
272,23.75433553965628,0.013242213986814022
273,23.829901914155922,0.013188030570745468
274,23.798837697505935,0.013221143744885921
275,23.86312716399142,0.013166733086109161
276,23.94165660734718,0.013077661395072937
277,23.863335516494445,0.013135473243892193
278,23.807239707395983,0.013194400817155838
279,23.802795701240747,0.01319471001625061
280,23.925598219852453,0.0130994888022542
281,23.868723613622134,0.013151208870112896
282,23.964185590757996,0.01306123286485672
283,23.80324360586423,0.01319211721420288
284,23.92707840297647,0.013080169446766376
285,24.00402982557447,0.013032033108174801
286,23.89112376952118,0.013119441457092762
287,24.006074657030258,0.013016778975725174
288,23.926746924117765,0.013089719228446484
289,23.9090750629518,0.013105522841215134
290,24.05401687093184,0.012967120856046677
291,24.06397198972175,0.01296320278197527
292,23.86347559219342,0.013142533600330353
293,24.00345037771961,0.013008646667003632
294,23.937232165265698,0.013056411407887936
295,24.08997228669265,0.012929446063935757
296,24.09759762984381,0.01292236614972353
297,24.07087257627658,0.012953630648553371
298,24.008796366106232,0.013009097427129745
299,24.077061094634935,0.012940972112119198
300,24.143210456960503,0.012896397151052952
301,24.196332389862505,0.012857522815465927
302,24.181950870906146,0.012858659029006958
303,24.14412255719348,0.012885219417512417
304,24.141844241023026,0.012891332618892193
305,24.185476435523178,0.012857363559305668
306,24.107813934228204,0.012922943569719791
307,24.215057447834283,0.012839156202971935
308,24.223967887297817,0.0128079354763031
309,24.234359059965303,0.012807137332856655
310,24.25295855456008,0.012795018963515759
311,24.28141550680091,0.012769470922648907
312,24.220972726500023,0.012798565439879894
313,24.251113671540487,0.012783258222043514
314,24.30431882220386,0.012752436101436615
315,24.36917065943573,0.012690397910773754
316,24.35817622707112,0.012699545361101627
317,24.358508916716026,0.012703676708042622
318,24.35206494199818,0.01270273607224226
319,24.381036833046437,0.012685068883001804
320,24.36446580703744,0.012693577446043491
321,24.398846551741286,0.012654601596295834
322,24.33306472113816,0.01273348554968834
323,24.33397932798975,0.012727376073598862
324,24.3583388975949,0.012707650661468506
325,24.391559821134017,0.012676096521317959
326,24.375748015950244,0.012682595290243626
327,24.44610509866226,0.01262804213911295
328,24.285757242897063,0.012748852372169495
329,24.375098795305703,0.012683011591434479
330,24.45756971954068,0.01260247454047203
331,24.443417292283428,0.012623031623661518
332,24.503217751601817,0.012581181712448597
333,24.435345802313716,0.012642204761505127
334,24.5636524021685,0.012537330389022827
335,24.504793934545567,0.012573507614433765
336,24.532539183508085,0.012536309659481049
337,24.56013084511786,0.012526887468993664
338,24.546402901166807,0.01254284754395485
339,24.54651896819632,0.012532520107924938
340,24.571294240405244,0.01252315565943718
341,24.70368094607816,0.012420796789228916
342,24.7462714899343,0.012394736520946026
343,24.649734621672472,0.012466531246900558
344,24.757349459350483,0.012375496327877045
345,24.570693076992974,0.012511623091995716
346,24.709630200178818,0.012414836324751377
347,24.59145637189353,0.01250153686851263
348,24.558560026906203,0.012525255791842937
349,24.55879107204104,0.012531484477221966
350,24.739681613429653,0.01239008828997612
351,24.764074012068413,0.012384367175400257
352,24.74940320983813,0.012379401363432407
353,24.774699869786446,0.012361194007098675
354,24.64706976350316,0.012462458573281765
355,24.794844134438797,0.012352596037089825
356,24.711788241099978,0.012412386946380138
357,24.919312650159682,0.012257755734026432
358,24.774286435321255,0.012372389435768127
359,24.859342479785504,0.012296129949390888
360,24.846149976350056,0.01231032982468605
361,24.89412351433608,0.012270446866750717
362,24.843839786966882,0.01232063863426447
363,24.95693697163307,0.012226413935422897
364,24.915248343718698,0.012245290912687778
365,24.946948583387844,0.012212931178510189
366,25.07964534952609,0.012137304060161114
367,25.057050493502583,0.012147669680416584
368,24.906016172600253,0.012264173477888107
369,25.09238644475623,0.01212239172309637
370,25.07396293256661,0.012145557440817356
371,25.12213596232399,0.01210877951234579
372,25.115899985066527,0.012114308774471283
373,25.111709851421665,0.012118734419345856
374,25.139157430140532,0.012099552899599075
375,25.041917056164515,0.012165318243205547
376,25.163843309494098,0.012073975056409836
377,25.131313182592745,0.012101789005100727
378,25.049806760478322,0.012152389623224735
379,25.234068175460315,0.012031137943267822
380,25.17396936156111,0.012073894031345844
381,25.259595495463017,0.012013338506221771
382,25.182445236112976,0.012061652727425098
383,25.156019196774785,0.012068014591932297
384,25.297244051797875,0.011976764537394047
385,25.38475556164579,0.011920642107725143
386,25.296478396422795,0.012005317956209183
387,25.364606756580493,0.011931831948459148
388,25.2561438094564,0.01200855616480112
389,25.378317044477654,0.011918030679225922
390,25.26225102224773,0.012005354277789593
391,25.404807371023356,0.011910376138985157
392,25.36392242875022,0.011925640515983105
393,25.33069222727647,0.011944462545216084
394,25.358530339588366,0.011924032121896744
395,25.36576220861376,0.011926750652492046
396,25.449679386442163,0.011877338401973248
397,25.388670921279882,0.011915091425180435
398,25.52000352625249,0.011838209815323353
399,25.599399371415032,0.011789667420089245
400,25.523504505813143,0.01183419767767191
401,25.49031615601183,0.011868762783706188
402,25.38632081640933,0.011919309385120869
403,25.482963601074474,0.011855396442115307
404,25.52595260972553,0.011841882020235062
405,25.494627719332513,0.011846307665109634
406,25.446670588676458,0.011874720454216003
407,25.494113467707294,0.011840857565402985
408,25.560874138461806,0.011804192326962948
409,25.62397265968226,0.011765949428081512
410,25.541981831422156,0.011816952377557755
411,25.527295132741155,0.011827033944427967
412,25.554089557338706,0.011804467998445034
413,25.577504743048927,0.011808144859969616
414,25.547029207890887,0.011808637529611588
415,25.628665550835457,0.011757370084524155
416,25.636263951882317,0.011765259318053722
417,25.60306394885579,0.011772935278713703
418,25.66221163044519,0.01173536479473114
419,25.64029522841735,0.011755108833312988
420,25.751162817724783,0.0116890175268054
421,25.62034723934933,0.0117610739544034
422,25.585779423414373,0.011779389344155788
423,25.53396679802067,0.011810029856860638
424,25.751210283342793,0.011678140610456467
425,25.575753064988668,0.011780787259340286
426,25.70362217876607,0.011704000644385815
427,25.628959225617653,0.011759000830352306
428,25.740395973535605,0.01168095599859953
429,25.771244301157864,0.011671767570078373
430,25.708966493110918,0.01170180644840002
431,25.68563253048694,0.011728155426681042
432,25.718066264677468,0.011707156896591187
433,25.83464928522915,0.011630893684923649
434,25.67092265398039,0.01172402873635292
435,25.804167187202687,0.01164364442229271
436,25.872977618745775,0.011604518629610538
437,25.724650837029053,0.011698897927999496
438,25.786354417080272,0.011663106270134449
439,25.83026562695308,0.01163229439407587
440,25.803730600697676,0.01164120901376009
441,25.753772953717856,0.011680073104798794
442,25.85815514297359,0.011616249568760395
443,25.82928950446022,0.011638316325843334
444,25.97585111879999,0.011542797088623047
445,25.829068597120113,0.011626816354691982
446,25.842745345450723,0.011618691496551037
447,25.84814728856553,0.01161577645689249
448,25.889307332793436,0.011602568440139294
449,25.89321944192338,0.01159361656755209
450,25.72926813819852,0.011697343550622463
451,25.934045743040652,0.01155849825590849
452,25.934278675470445,0.011563733220100403
453,25.92104621116063,0.011585075408220291
454,25.90346394779916,0.011583089828491211
455,25.94187843205203,0.011543914675712585
456,25.920056934186334,0.011572740040719509
457,25.948619653032175,0.011556007899343967
458,26.033417930164603,0.011500376276671886
459,25.931937174630978,0.011556358076632023
460,25.922126572598497,0.011564161628484726
461,25.99889897766221,0.011523348279297352
462,25.901318944173525,0.011579652316868305
463,25.874173240835255,0.01157936081290245
464,25.985437419482654,0.011537664569914341
465,25.84914608476048,0.011615441180765629
466,25.980757884836887,0.011526393704116344
467,25.922408843132892,0.011567171663045883
468,26.041567880829923,0.011511805467307568
469,25.97184033431994,0.0115554453805089
470,26.07989920075108,0.011476610787212849
471,26.036536445191434,0.011506155133247375
472,26.071443992782765,0.011475448496639729
473,26.06675686296,0.011476756073534489
474,26.13933423868012,0.011443830095231533
475,26.063382935737263,0.011481462977826595
476,26.068935545304672,0.011492795310914516
477,26.106270325415633,0.011467845179140568
478,26.203341758931856,0.011414400301873684
479,26.037261855092773,0.011496622115373611
480,26.116085447524256,0.011459078639745712
481,26.033361232244125,0.011499769985675812
482,25.98038083171918,0.01153648179024458
483,25.8697624194064,0.011594511568546295
484,26.008845262457715,0.011513485573232174
485,25.972149068480274,0.011543135158717632
486,26.095207743403968,0.011471920646727085
487,25.902561001384655,0.011584095656871796
488,26.05085744491506,0.011487030424177647
489,26.145003570985622,0.011428844183683395
490,26.060765245143,0.011488739401102066
491,26.186559727282813,0.011428671889007092
492,26.05465534565598,0.01147924829274416
493,25.98623677204423,0.011527873575687408
494,26.14063028988527,0.011441602371633053
495,26.28367903609107,0.011366835795342922
496,26.045023638411312,0.01150538120418787
497,26.029427856282062,0.01150476187467575
498,26.349863716508377,0.011336992494761944
499,26.179724438612975,0.011413369327783585
500,26.191810067001736,0.011413484811782837
501,26.211591317627907,0.01140652596950531
502,26.15120992315454,0.011428081430494785
503,26.16183249755447,0.011413122527301311
504,26.139252844105943,0.011438722722232342
505,26.21298369718554,0.01139926165342331
506,26.238709780939967,0.011384555138647556
507,26.256293132981867,0.011378244496881962
508,26.28045737311739,0.01135267224162817
509,26.297160244256204,0.011351042427122593
510,26.350595641344405,0.011320356279611588
511,26.437187891206758,0.011279723607003689
512,26.256749564226084,0.011380446143448353
513,26.367800438240753,0.01132238283753395
514,26.40570875528843,0.011296301148831844
515,26.36168324943764,0.01131782028824091
516,26.43641716782094,0.011284839361906052
517,26.494773884341534,0.011243593879044056
518,26.49898054730592,0.011237277649343014
519,26.51789337390528,0.011242610402405262
520,26.444870038175882,0.011277548968791962
521,26.47774488895044,0.011265032924711704
522,26.593620996085892,0.011193688958883286
523,26.58301144704393,0.011210251599550247
524,26.631364762439247,0.011181081645190716
525,26.5707240246009,0.011217627674341202
526,26.6798791821183,0.011167854070663452
527,26.61137120227945,0.011192514561116695
528,26.76737826133254,0.011127817444503307
529,26.726574924683533,0.011137436144053936
530,26.727706575502364,0.011140868999063969
531,26.718705205977574,0.011139663867652416
532,26.707239067279517,0.011148647405207157
533,26.82701116643765,0.011096194386482239
534,26.606938541374312,0.011185760609805584
535,26.82850154091252,0.011088644154369831
536,26.74097632241214,0.01112160924822092
537,26.628395381706774,0.011183024384081364
538,26.53205187257435,0.011243578977882862
539,26.455102805608227,0.011278611607849598
540,26.166177419205837,0.01143597811460495
541,24.56053084038369,0.012500353157520294
542,21.976890859134745,0.015354584902524948
543,22.3323811002936,0.01483879517763853
544,20.915919231955485,0.017124170437455177
545,23.05186826643218,0.013991233892738819
546,22.95386464623497,0.014082293026149273
547,22.68829437345929,0.014386195689439774
548,23.05856212187528,0.013929128646850586
549,23.46075575798728,0.01351855043321848
550,23.661789293302597,0.013331211172044277
551,23.919658776797185,0.013063834048807621
552,23.911433383515792,0.01307794451713562
553,24.00817188045957,0.012981857173144817
554,24.26158142318945,0.012758235447108746
555,24.432788125721835,0.012613393366336823
556,24.368380703735536,0.012679471634328365
557,24.50309037954659,0.012556918896734715
558,24.784165278941522,0.012335222214460373
559,24.830785871392493,0.01229884847998619
560,24.94335056317515,0.012210412882268429
561,25.027148706924617,0.012161691673099995
562,25.139134245505986,0.012080262415111065
563,25.163626923068612,0.012066868133842945
564,25.292053218055557,0.011986414901912212
565,25.25661347931608,0.012005534023046494
566,25.483708781400853,0.011844041757285595
567,25.485285614981183,0.011846933513879776
568,25.450954172905043,0.011875116266310215
569,25.634865287099494,0.011748355813324451
570,25.66480545639792,0.011727807112038136
571,25.71021244432582,0.011701565235853195
572,25.79112998930278,0.011670004576444626
573,25.723116338958047,0.011710479855537415
574,25.849971438727316,0.011625986546278
575,25.97528472428756,0.01154747698456049
576,25.9580232355521,0.011558339931070805
577,25.95615791298059,0.011556960642337799
578,26.009263991365398,0.011529351584613323
579,26.018933723191743,0.011513027362525463
580,26.03786219118493,0.011514301411807537
581,26.154184469764594,0.011447719298303127
582,26.157124878532297,0.011453096754848957
583,26.27430053860817,0.011395924724638462
584,26.291635610020894,0.011372515000402927
585,26.26384285362778,0.011394847184419632
586,26.35983781582773,0.01134620700031519
587,26.235002543083993,0.011409066617488861
588,26.319824969500303,0.011358854360878468
589,26.32007063336352,0.011358872056007385
590,26.29971975465363,0.011369176208972931
591,26.408211471467208,0.011320491321384907
592,26.500992102996044,0.011279687285423279
593,26.617393145830576,0.011203755624592304
594,26.492691912232438,0.011271029710769653
595,26.50478815363579,0.011265845037996769
596,26.501449285982627,0.011264136992394924
597,26.58144214761446,0.011236264370381832
598,26.57977929959681,0.011240716092288494
599,26.603540643240457,0.011210615746676922
600,26.495689099908137,0.011258942075073719
601,26.715421874800825,0.011161141097545624
602,26.72159394961513,0.011165467090904713
603,26.710643443838357,0.011161676608026028
604,26.738646836013956,0.011152374558150768
605,26.710615896737757,0.01116481889039278
606,26.764768727022236,0.011141501367092133
607,26.67396944275938,0.011184562928974628
608,26.773855544130555,0.011129476130008698
609,26.783893478901618,0.011134368367493153
610,26.884468045538405,0.011080070398747921
611,26.889223851292748,0.011075462214648724
612,26.83383231426911,0.011093895882368088
613,26.866739980697787,0.011079385876655579
614,26.904970692818022,0.01106483954936266
615,26.976900754357732,0.011033079586923122
616,26.889100194893235,0.011070262640714645
617,26.87143918053105,0.01107585895806551
618,26.947691600925722,0.011037087999284267
619,26.97516252610582,0.01103792805224657
620,26.957615900990625,0.01104021817445755
621,26.841802371589996,0.011078126728534698
622,26.952075747949344,0.011051729321479797
623,26.98967359854509,0.011030007153749466
624,27.024318702965452,0.011006970889866352
625,27.05759280923957,0.010991360060870647
626,26.933814214796058,0.011058622039854527
627,27.043052729080642,0.011015835218131542
628,27.126175884028733,0.010967195965349674
629,26.979839908761868,0.011022991500794888
630,27.069438937251086,0.010980572551488876
631,27.138424255089944,0.010960775427520275
632,27.141845747001664,0.010960192419588566
633,27.09717705726025,0.01098002027720213
634,27.198035497020783,0.010933169163763523
635,27.164144327964674,0.010946616530418396
636,27.183308809069104,0.01093986164778471
637,27.195256216584486,0.010929499752819538
638,27.114603456972745,0.010961517691612244
639,27.189672505915702,0.010931332595646381
640,27.28975802844066,0.010888670571148396
641,27.175624916222528,0.010937363840639591
642,27.202282518290467,0.010945024900138378
643,27.204772129004446,0.010925441049039364
644,27.17210641451413,0.010949012823402882
645,27.270178495037015,0.010894658975303173
646,27.311079504639434,0.010883111506700516
647,27.315540476963363,0.010884176008403301
648,27.216857206860233,0.010909662581980228
649,27.182938892501177,0.010942846536636353
650,27.270367534361007,0.010891350917518139
651,27.165280595847815,0.010932882316410542
652,27.209992718732842,0.010932757519185543
653,27.258312541097816,0.010904252529144287
654,27.273561887065803,0.010894850827753544
655,27.24112292760456,0.01090294774621725
656,27.206308512807425,0.010912208817899227
657,27.357637210554813,0.010849478654563427
658,27.350974549809347,0.010852743871510029
659,27.3426017498328,0.010865884833037853
660,27.2218318140809,0.010917875915765762
661,27.34293181494135,0.01086451392620802
662,27.317046600879024,0.010881822556257248
663,27.39124029559504,0.010845118202269077
664,27.363682018063326,0.010853077284991741
665,27.386428943829635,0.01084622461348772
666,27.39244830495806,0.010832346975803375
667,27.382793037767755,0.010852488689124584
668,27.44822194638889,0.010823703370988369
669,27.31815012382972,0.010874767787754536
670,27.402534598106026,0.01084133144468069
671,27.445750213179743,0.010826632380485535
672,27.466713856220082,0.010811449028551579
673,27.456812877088723,0.010808057151734829
674,27.411713927689032,0.010834014974534512
675,27.49321741458665,0.01080226432532072
676,27.398659153984074,0.010828123427927494
677,27.442182122888727,0.010803468525409698
678,27.55523558197948,0.010767954401671886
679,27.580969579564748,0.010758684016764164
680,27.545147516068948,0.010785671882331371
681,27.57987935977389,0.010763387195765972
682,27.540174507382325,0.010772532783448696
683,27.516116256912685,0.010785332880914211
684,27.470449267965225,0.010801698081195354
685,27.59264700737848,0.010745183564722538
686,27.447969755335507,0.010816280730068684
687,27.569726065436534,0.010767226107418537
688,27.577774843466173,0.010754179209470749
689,27.541736077325382,0.01077316701412201
690,27.62069020132494,0.010752423666417599
691,27.623916918490345,0.010732926428318024
692,27.63323231814711,0.01073379535228014
693,27.687639792391778,0.010708681307733059
694,27.615236180466184,0.010734553448855877
695,27.614832020624036,0.010749912820756435
696,27.694021647446533,0.010718847624957561
697,27.601291499427518,0.010747398249804974
698,27.675515060981372,0.0107264444231987
699,27.71873256810774,0.010699273087084293
700,27.721845526069828,0.010703864507377148
701,27.59768798960199,0.010742050595581532
702,27.69185268693189,0.010708185844123363
703,27.68321212357756,0.010712680406868458
704,27.707118532799324,0.010701005347073078
705,27.668830134201382,0.01072447095066309
706,27.71601185897635,0.010694683529436588
707,27.770815880362882,0.010681692510843277
708,27.779539022116403,0.010683746077120304
709,27.789011794129394,0.010672207921743393
710,27.702494727151276,0.010705296881496906
711,27.733882836329556,0.01069402415305376
712,27.740596027979887,0.010685200802981853
713,27.77090834578237,0.01068167295306921
714,27.79156055989734,0.010665602050721645
715,27.759153333066987,0.010684528388082981
716,27.777496754277013,0.01068156585097313
717,27.736236033861204,0.010693475604057312
718,27.724572614530906,0.010699465870857239
719,27.718228778743242,0.01070175226777792
720,27.833116307091103,0.010652835480868816
721,27.792033355292123,0.010664746165275574
722,27.77691558755192,0.010676831007003784
723,27.871876957993717,0.010639488697052002
724,27.86107666679126,0.010645012371242046
725,27.853670593472106,0.0106442766264081
726,27.887427916171255,0.01062997430562973
727,27.829622530460565,0.010651583783328533
728,27.872852394140104,0.010636179707944393
729,27.856427607469456,0.010640304535627365
730,27.888074015960427,0.010623333044350147
731,27.87325022853792,0.010636945255100727
732,27.88600785199408,0.01063061598688364
733,27.87997613457307,0.010625157505273819
734,27.823957592175613,0.010652602650225163
735,27.86586957377824,0.010633673518896103
736,27.926470915684174,0.010614022612571716
737,27.905441251286966,0.010619143955409527
738,27.8333498640129,0.010643437504768372
739,27.93284082094699,0.010618207044899464
740,27.948967040099607,0.010602169670164585
741,27.877015163908293,0.010621674358844757
742,27.915284728538523,0.010605125688016415
743,27.958689559923563,0.010597147978842258
744,27.889310707147477,0.01062307134270668
745,27.835389767138466,0.010635356418788433
746,27.992357293831045,0.01058998703956604
747,27.93335620957338,0.010605993680655956
748,27.917516196243042,0.010613425634801388
749,27.82055436750349,0.010639086365699768
750,27.855316704356177,0.010635435581207275
751,27.996555744065045,0.010593068785965443
752,27.96945131952477,0.010607772506773472
753,27.933502777495786,0.010616942308843136
754,27.941206096111195,0.010608960874378681
755,27.714458627078272,0.010686789639294147
756,27.87847172182846,0.010628964751958847
757,27.947329700625765,0.010606185533106327
758,27.97432937953356,0.010596908628940582
759,27.940971729089192,0.01059903483837843
760,27.88228273804206,0.010623575188219547
761,28.03743884854788,0.010568401776254177
762,28.04680354504452,0.010567559860646725
763,28.002796606567916,0.010587682016193867
764,28.00564739120832,0.010580328293144703
765,27.961188211689603,0.010587111115455627
766,28.022144691627865,0.010571882128715515
767,28.000553509369777,0.010587167926132679
768,28.114341170584236,0.010545727796852589
769,28.036045088165093,0.010564718395471573
770,27.982359206101286,0.010583337396383286
771,28.046757630831955,0.010557376779615879
772,28.050584696456262,0.010556250810623169
773,28.01688978046167,0.010578110814094543
774,28.07946864468711,0.010543608106672764
775,28.023395356761082,0.010570719838142395
776,28.07528457818553,0.010551291517913342
777,28.09816249772212,0.010543341748416424
778,28.06145055679982,0.010558709502220154
779,28.114927601623236,0.01053769513964653
780,28.11656972715285,0.010538309812545776
781,28.14531788188145,0.010517689399421215
782,28.071624202511913,0.010550488717854023
783,28.111353171166446,0.01052879448980093
784,28.20005114875217,0.010510214604437351
785,28.201817827819884,0.010512401349842548
786,28.23869970646751,0.010490785352885723
787,28.21347306268464,0.01049957424402237
788,28.281450171598543,0.010467185638844967
789,28.13887263644294,0.010531026870012283
790,28.176401256551475,0.01051261555403471
791,28.211420526836264,0.010506023652851582
792,28.15443943676465,0.010513494722545147
793,28.200050407480074,0.01049443706870079
794,28.1930343129443,0.010503473691642284
795,28.312227477173092,0.010469920933246613
796,28.246578475596635,0.010490217246115208
797,28.204151135923247,0.010507453233003616
798,28.31049241316526,0.010473300702869892
799,28.182777476803686,0.010506495833396912
800,28.24020825764951,0.010480756871402264
801,28.186506845725482,0.010503333993256092
802,28.215756058329973,0.010492631234228611
803,28.21032834310285,0.010491090826690197
804,28.218891453623254,0.010494169779121876
805,28.253033342773474,0.010484634898602962
806,28.174674881278634,0.010502642951905727
807,28.170116923936867,0.010502939112484455
808,28.222022114476445,0.010502536781132221
809,28.184487723129628,0.010510946623980999
810,28.2045063369001,0.01050677988678217
811,28.194891050539216,0.0105019211769104
812,28.10908322438496,0.010517311282455921
813,28.14582666798099,0.010516860522329807
814,28.26494155917367,0.010475912131369114
815,28.255778302454004,0.010466066189110279
816,28.294049962571496,0.010461456142365932
817,28.24645982124565,0.010485128499567509
818,28.213287253713734,0.010490727610886097
819,28.28567800922681,0.010462873615324497
820,28.284287936988157,0.010475187562406063
821,28.251199798975325,0.010482694953680038
822,28.320874836426068,0.010450241155922413
823,28.193390304926478,0.010497026145458221
824,28.30331597288866,0.01045485120266676
825,28.301922722393456,0.010455290786921978
826,28.344459223054002,0.010442073456943035
827,28.219621701112487,0.010486610233783722
828,28.237932936503295,0.010480727069079876
829,28.389202835877292,0.010430601425468922
830,28.31336845345961,0.010453127324581146
831,28.275470041881906,0.010465794242918491
832,28.282718077656295,0.010470843873918056
833,28.259888389393414,0.01047392189502716
834,28.3033811620788,0.010456852614879608
835,28.357437833418047,0.010436070151627064
836,28.33635685080148,0.010448113083839417
837,28.4249383118976,0.010416251607239246
838,28.32615490892731,0.010444042272865772
839,28.507983957425274,0.01038661040365696
840,28.367491987610908,0.010444317013025284
841,28.423646011614053,0.010414090938866138
842,28.391575709021485,0.010427922010421753
843,28.447319809675264,0.010416853241622448
844,28.57596640100663,0.010370380245149136
845,28.54936651186282,0.010375549085438251
846,28.507474283698166,0.010387372225522995
847,28.472713981508967,0.010398045182228088
848,28.488962864141158,0.0103879040107131
849,28.377729417287256,0.010408597998321056
850,28.503654586224698,0.01038223598152399
851,28.420402185058936,0.010407558642327785
852,28.42677190447683,0.010415850207209587
853,28.417034414490523,0.010417555458843708
854,28.503699429853295,0.010389125905930996
855,28.461615306244497,0.010395475663244724
856,28.483407597468098,0.010388179682195187
857,28.428920290879915,0.010409729555249214
858,28.5318662079432,0.010369335301220417
859,28.509731548761224,0.010382496751844883
860,28.529089952264904,0.010379198007285595
861,28.595506768249777,0.010354706086218357
862,28.488590802414855,0.010386117734014988
863,28.577512442780858,0.010361866094172001
864,28.46084387494971,0.010390156880021095
865,28.537447020637188,0.010360926389694214
866,28.54509065982823,0.010375730693340302
867,28.426552182624366,0.010415304452180862
868,28.566669479827645,0.010368363000452518
869,28.572074896126797,0.010359245352447033
870,28.567935673816315,0.010356037877500057
871,28.54884514374703,0.010365556925535202
872,28.598387132662175,0.010354392230510712
873,28.527326454433485,0.01036479976028204
874,28.62848101505028,0.010344244539737701
875,28.641616435349334,0.010340490378439426
876,28.51391484703825,0.010372270829975605
877,28.59728206922753,0.010344060137867928
878,28.568781699461823,0.01036153081804514
879,28.589670607711373,0.010363815352320671
880,28.4649318948848,0.010399327613413334
881,28.62665973123173,0.010348543524742126
882,28.5110684704767,0.01037647109478712
883,28.622662841473065,0.010342596098780632
884,28.576979088938977,0.01035197451710701
885,28.638273145194475,0.010333962738513947
886,28.679059278746873,0.010327025316655636
887,28.620025083807242,0.010338502936065197
888,28.658920430461983,0.010325250215828419
889,28.660322006098152,0.010334339924156666
890,28.658853494875927,0.010329519398510456
891,28.612107777930703,0.010340028442442417
892,28.57746442178418,0.010351469740271568
893,28.604507002403764,0.010339654050767422
894,28.618972125702594,0.010335852392017841
895,28.62137245532288,0.010330856777727604
896,28.63352197085254,0.010343451052904129
897,28.699927971139402,0.010317006148397923
898,28.733511783495203,0.010302974842488766
899,28.662907680748013,0.010329331271350384
900,28.690811983073658,0.010323219932615757
901,28.68979883427017,0.010312684811651707
902,28.660205373352948,0.010327111929655075
903,28.698081614898076,0.010309598408639431
904,28.684252884158305,0.010320347733795643
905,28.686305869510992,0.010309410281479359
906,28.797322682879184,0.010282301343977451
907,28.808067521379556,0.010274011641740799
908,28.725007479693062,0.01030347403138876
909,28.725241479788792,0.010306100361049175
910,28.703646549378945,0.010308406315743923
911,28.696400520468345,0.010309305973351002
912,28.74724328136064,0.010289094410836697
913,28.793999824267644,0.010287296026945114
914,28.84816465839974,0.010257395915687084
915,28.670286550909122,0.010318192653357983
916,28.88610154010628,0.010253424756228924
917,28.777753829953028,0.01028380822390318
918,28.805520652273024,0.010278121568262577
919,28.691945506604334,0.010315307416021824
920,28.735015570261066,0.01028772909194231
921,28.77095336483311,0.010283024050295353
922,28.718819711060345,0.010300173424184322
923,28.743929269859805,0.01028790045529604
924,28.737400686654205,0.010289439931511879
925,28.82858117941654,0.010268702171742916
926,28.83330347370086,0.010263103060424328
927,28.76324700525769,0.010295131243765354
928,28.88570699461492,0.010255585424602032
929,28.76185616858461,0.010284812189638615
930,28.801799515574714,0.01027852762490511
931,28.765077628972833,0.01027966383844614
932,28.802356227962584,0.010270938277244568
933,28.800606179563047,0.010277537629008293
934,28.81697868657188,0.010269558988511562
935,28.808228311966996,0.010276480577886105
936,28.857192354465028,0.010252412408590317
937,28.86277437211139,0.01025805901736021
938,28.909013159012847,0.010239913128316402
939,28.853984844694413,0.010255725122988224
940,28.742225295983822,0.010283108800649643
941,28.885313998466575,0.010244323872029781
942,28.863341015154845,0.010265038348734379
943,28.868362005483903,0.010251887142658234
944,28.836293399135975,0.01025609951466322
945,28.76717508704289,0.0102853337302804
946,28.814962425045255,0.010253730230033398
947,28.859091096794348,0.010251966305077076
948,28.87033947190696,0.01024835929274559
949,28.931710404930158,0.010221557691693306
950,28.78567916156449,0.010264267213642597
951,28.816538797566054,0.010265716351568699
952,28.89394346243138,0.010258398950099945
953,28.818271285898817,0.010265026241540909
954,28.846560725215028,0.010251679457724094
955,28.909024279488342,0.010220933705568314
956,28.923433608338158,0.010230890475213528
957,28.82640739367995,0.010264338925480843
958,28.904411449544405,0.010231757536530495
959,28.90993337359532,0.010234702378511429
960,28.864083399952214,0.010252755135297775
961,28.905068875202545,0.01024025958031416
962,28.907300026743993,0.010233775712549686
963,28.91627456059907,0.010238549672067165
964,28.91464889108321,0.010235666297376156
965,28.864671802571323,0.01025296375155449
966,28.84954745067236,0.010255847126245499
967,28.908002682238674,0.010236084461212158
968,28.958796999421285,0.010214924812316895
969,28.973996062204304,0.01021132618188858
970,28.959613838137916,0.010218637064099312
971,29.001186016110722,0.010206524282693863
972,28.884084496946976,0.010237261652946472
973,29.02806432363002,0.010189390741288662
974,28.951810841113847,0.010210552252829075
975,28.987441338910944,0.01020776852965355
976,29.013540608485428,0.010199303738772869
977,29.04081070628954,0.010190100409090519
978,28.95741815915563,0.010212807916104794
979,28.935117193079677,0.010220677591860294
980,29.086997754220747,0.010179746896028519
981,29.053791107426076,0.010195317678153515
982,28.991649819560354,0.010204087942838669
983,28.891128903801192,0.010235250927507877
984,29.04373202296434,0.010190647095441818
985,28.864226500270966,0.010233226232230663
986,29.003890951958304,0.010203697718679905
987,28.92589303935074,0.010219105519354343
988,28.892425187062443,0.01024154108017683
989,28.993944920627705,0.010205946862697601
990,28.97699264426683,0.010199803858995438
991,29.06649623204787,0.010178675875067711
992,29.080631905419125,0.010183201171457767
993,29.09093816552803,0.010173714719712734
994,29.142054318574402,0.010162304155528545
995,29.130909057551587,0.010166041553020477
996,29.098540876259786,0.010170036926865578
997,28.991581587822466,0.010198219679296017
998,29.10608034394235,0.010171349160373211
999,29.08926988823747,0.010174998082220554
1000,29.056678878728235,0.01017552800476551
1001,29.06437766868258,0.010174407623708248
1002,29.046879695430697,0.010183474980294704
1003,29.121170721892724,0.01015930250287056
1004,29.056712490018036,0.010176573880016804
1005,29.06336819557147,0.010185972787439823
1006,29.054260929163718,0.010177042335271835
1007,29.119077289201325,0.01016851607710123
1008,29.01486171134384,0.010186638683080673
1009,29.02387961341171,0.010185270570218563
1010,29.053139514769036,0.010179426521062851
1011,29.048734264148578,0.010180512443184853
1012,29.148333652802147,0.010162139311432838
1013,29.101981657190397,0.010167524218559265
1014,29.056142651950616,0.010172576643526554
1015,29.021553499190425,0.010195035487413406
1016,29.0974831880372,0.010163930244743824
1017,29.15638719453841,0.010159001685678959
1018,29.216265400919184,0.010143495164811611
1019,29.201018713416094,0.010145278647542
1020,29.249457956066713,0.010121124796569347
1021,29.210123905339568,0.010142691433429718
1022,29.065818279039735,0.010172033682465553
1023,29.15184770916346,0.010144682601094246
1024,29.22530002092715,0.010130375623703003
1025,29.208231602842293,0.010130193084478378
1026,29.24645260171509,0.010117442347109318
1027,29.211472471142066,0.01013054046779871
1028,29.205468358910238,0.010124280117452145
1029,29.264627092963927,0.010123264975845814
1030,29.149559706440122,0.010147805325686932
1031,29.155540151292485,0.010140504688024521
1032,29.16145299777788,0.01013943925499916
1033,29.172256084518043,0.010133869014680386
1034,29.193239600488347,0.010130000300705433
1035,29.12005491335978,0.010150293819606304
1036,29.173345089168755,0.010138547979295254
1037,29.206322158776917,0.010128830559551716
1038,29.246272345547254,0.010122503153979778
1039,29.20922398500514,0.010127088986337185
1040,29.251934586006346,0.010115290060639381
1041,29.198559868323382,0.01013132929801941
1042,29.179155972247965,0.010137314908206463
1043,29.17888695559697,0.010138079524040222
1044,29.277298220787976,0.010115479119122028
1045,29.228837452839763,0.010128924623131752
1046,29.26228973507616,0.010113430209457874
1047,29.297759988177262,0.010100379586219788
1048,29.262801659154608,0.010106445290148258
1049,29.309430092000703,0.010096331126987934
1050,29.21256641317973,0.01012058649212122
1051,29.244631948222406,0.01011844351887703
1052,29.26582133495069,0.010102403350174427
1053,25.982241390724287,0.011495008133351803
1054,28.991786952264423,0.010196175426244736
1055,29.04973324050552,0.010180543176829815
1056,28.989886512937105,0.010194622911512852
1057,28.973138550791862,0.010195870883762836
1058,28.827908220478903,0.010243397206068039
1059,28.879847426552082,0.010222675278782845
1060,29.006532978497983,0.010188768617808819
1061,29.0986055407379,0.010157941840589046
1062,29.032443268810905,0.010176085866987705
1063,29.09939534029042,0.010161253623664379
1064,29.064261622059426,0.01017411146312952
1065,29.115695435116532,0.010153936222195625
1066,29.020555727953617,0.01018012035638094
1067,29.148986823198648,0.010145020671188831
1068,28.917420186679486,0.010215426795184612
1069,29.151014608673872,0.010141302831470966
1070,29.08351393599041,0.010153130628168583
1071,29.117014293593563,0.010154052637517452
1072,29.27810313754761,0.01011387724429369
1073,29.14694318852533,0.01014622300863266
1074,29.238642001437412,0.010123793967068195
1075,29.291070338679425,0.01010229904204607
1076,29.258783564348345,0.010112199932336807
1077,29.15140120717211,0.01014090608805418
1078,28.96388116640518,0.010190806351602077
1079,28.39579538357429,0.010380255989730358
1080,28.729603319967488,0.010246463119983673
1081,28.044914627397866,0.010514553636312485
1082,27.334591807800788,0.010774039663374424
1083,27.479086744806228,0.010751079767942429
1084,28.361142336829985,0.01041449699550867
1085,27.98129430970853,0.010527834296226501
1086,27.857313380719766,0.010573583655059338
1087,28.54445817309727,0.010338407009840012
1088,28.108873293753863,0.010478132404386997
1089,28.451719107978327,0.010373708792030811
1090,28.567448415731445,0.0103328051045537
1091,28.49556452176565,0.01035346556454897
1092,28.67195957420439,0.010288968682289124
1093,28.679555796631554,0.0102985305711627
1094,28.82375627436914,0.010247894562780857
1095,28.744869169312288,0.01027808990329504
1096,28.874968935433852,0.01023669634014368
1097,28.820607937346686,0.010245335288345814
1098,28.95146394384737,0.010207782499492168
1099,28.949890865237457,0.010205111466348171
1100,29.052851869281625,0.010190636850893497
1101,28.994470858405954,0.010198112577199936
1102,29.018742953122228,0.010194533504545689
1103,29.14196205913731,0.010156950913369656
1104,29.094322002074414,0.01016185898333788
1105,28.99826540095306,0.01019482035189867
1106,29.133842981081045,0.01014348492026329
1107,29.148831945358822,0.010147557593882084
1108,29.204460211764307,0.010135694406926632
1109,29.08473513867142,0.010160859674215317
1110,29.235797466508867,0.010118546895682812
1111,29.210327695226272,0.01012305449694395
1112,29.234059507281188,0.01012006402015686
1113,29.19850287231318,0.010130892507731915
1114,29.289533865489517,0.010107848793268204
1115,29.219296119735564,0.010123573243618011
1116,29.166468145674393,0.010136737488210201
1117,29.25254067123516,0.010109377093613148
1118,29.30131036785545,0.010103967040777206
1119,29.299294088011013,0.010106679983437061
1120,29.30656182269697,0.010103308595716953
1121,29.369700913471036,0.010096706449985504
1122,29.300112347974565,0.010099495761096478
1123,29.324345271858494,0.010092056356370449
1124,29.32990634587472,0.010091674514114857
1125,29.27507787984873,0.010100177489221096
1126,29.300744638415473,0.010096687823534012
1127,29.221671930581252,0.01012839749455452
1128,29.2020573226703,0.010120485909283161
1129,29.3659994960024,0.010073594748973846
1130,29.364300022617364,0.010083348490297794
1131,29.363447422975423,0.010073819197714329
1132,29.237926741984843,0.010103761218488216
1133,29.295118133078436,0.010086924768984318
1134,29.340652404969877,0.010081450454890728
1135,29.24407440543075,0.010102312080562115
1136,29.38983648506154,0.010070914402604103
1137,29.346636060620916,0.010085715912282467
1138,29.38377554265349,0.01006589736789465
1139,29.32852203918534,0.01007685624063015
1140,29.307840242179456,0.010094505734741688
1141,29.380645464846783,0.010072575882077217
1142,29.32726188864596,0.010078981518745422
1143,29.469088299330103,0.010051925666630268
1144,29.434379062094944,0.010062060318887234
1145,29.303377072989612,0.010078814812004566
1146,29.388967947934184,0.010062986053526402
1147,29.432657945552016,0.010051689110696316
1148,29.406584935524425,0.010056859813630581
1149,29.32815329902118,0.010077140294015408
1150,29.46903954161305,0.010047487914562225
1151,29.401094289725577,0.01007059309631586
1152,29.38041308253307,0.01006243098527193
1153,29.326547069548777,0.01007083896547556
1154,29.458426305122426,0.010042374022305012
1155,29.521906456925265,0.010027448646724224
1156,29.482008617354655,0.010027213953435421
1157,29.45889024888662,0.010036690160632133
1158,29.49700147821308,0.010030173696577549
1159,29.55342674498047,0.010024703107774258
1160,29.485878167230663,0.010029087774455547
1161,29.46952185903873,0.010038877837359905
1162,29.38891884882303,0.010058014653623104
1163,29.454631161170212,0.010051555000245571
1164,29.359868723062164,0.010059059597551823
1165,29.553555741136893,0.010018986649811268
1166,29.519322259061035,0.010023534297943115
1167,29.49905076517334,0.01002036314457655
1168,29.53201498948987,0.010018731467425823
1169,29.578006231698552,0.010005641728639603
1170,29.483976171395014,0.010032384656369686
1171,29.548086944410002,0.010012959130108356
1172,29.468232943474554,0.010034437291324139
1173,29.52628090000627,0.010020602494478226
1174,29.48902137664443,0.010017766617238522
1175,29.47415332079806,0.01002668496221304
1176,29.530433081478435,0.010019426234066486
1177,29.584751305717347,0.010001678951084614
1178,29.475467988130987,0.010034880600869656
1179,29.51320045832268,0.010020173154771328
1180,29.536045119144006,0.010015050880610943
1181,29.558004515282775,0.01000601053237915
1182,29.473701899314186,0.010026554577052593
1183,29.582643625773276,0.010000607930123806
1184,29.611031920138803,0.009999091736972332
1185,29.549566143643307,0.010014857165515423
1186,29.577026033749235,0.010007149539887905
1187,29.588304848257824,0.009999198839068413
1188,29.577849013122012,0.010004824958741665
1189,29.601008814318746,0.009991723112761974
1190,29.66350133073017,0.009979061782360077
1191,29.609485587382764,0.009994511492550373
1192,29.57633792302197,0.010001670569181442
1193,29.599991683645968,0.009996124543249607
1194,29.668008528272658,0.009974662214517593
1195,29.630655968952798,0.0099921440705657
1196,29.524315985843362,0.010001291520893574
1197,29.64732667205486,0.009983177296817303
1198,29.559845103556164,0.009999063797295094
1199,29.57529106301976,0.009993803687393665
1200,29.584644269498952,0.009995149448513985
1201,29.640018905922005,0.009977199137210846
1202,29.600533997463494,0.009991452097892761
1203,29.66893628222437,0.00997112225741148
1204,29.629939961921824,0.009979604743421078
1205,29.71752127089694,0.009967869147658348
1206,29.683520212491985,0.009975993074476719
1207,29.59293689359513,0.009994437918066978
1208,29.63472677755654,0.009981363080441952
1209,29.64613067197274,0.009976419620215893
1210,29.628785381651056,0.009980226866900921
1211,29.591431700564023,0.009986701421439648
1212,29.737883104506967,0.009960249066352844
1213,29.643739492564187,0.00997612252831459
1214,29.673772212146268,0.009967624209821224
1215,29.63119152011103,0.009972489438951015
1216,29.677808343306605,0.009969006292521954
1217,29.628252069992826,0.009977033361792564
1218,29.675675002442468,0.009966130368411541
1219,29.683613265921842,0.00996062345802784
1220,29.68050343447495,0.009960874915122986
1221,29.72091801354498,0.0099539989605546
1222,29.646966873029115,0.00997289177030325
1223,29.7642765040884,0.009947665967047215
1224,29.68336878338949,0.009967475198209286
1225,29.674680607751714,0.009965728968381882
1226,29.726439142511744,0.009956683963537216
1227,29.766100333238832,0.009945515543222427
1228,29.67677566397858,0.009963473305106163
1229,29.67770058024792,0.00997344870120287
1230,29.678264890331146,0.009961982257664204
1231,29.614960106269823,0.009980068542063236
1232,29.589102189857982,0.009981156326830387
1233,29.702395459433994,0.009949784725904465
1234,29.559952436955985,0.009991995990276337
1235,29.697281631603598,0.009964431636035442
1236,29.59120675075188,0.009985423646867275
1237,29.65176315234025,0.009969881735742092
1238,29.59516450626407,0.00997413881123066
1239,29.549287866307786,0.009994463063776493
1240,29.710368279628483,0.009965288452804089
1241,29.670908459518905,0.00996825098991394
1242,29.639552998688224,0.009975549764931202
1243,29.644709852595945,0.009969896636903286
1244,29.718036736535545,0.009951937012374401
1245,29.656996569747264,0.009967927820980549
1246,29.615776907102365,0.009981393814086914
1247,29.752334279041968,0.009935053996741772
1248,29.65978511956814,0.00997116882354021
1249,29.68182062346878,0.009962036274373531
1250,29.731168816774307,0.009953002445399761
1251,29.692951292017213,0.009952150285243988
1252,29.74716250919257,0.009946093894541264
1253,29.758553345847677,0.009948905557394028
1254,29.70450846556816,0.009953680448234081
1255,29.697303714849532,0.009959972463548183
1256,29.68082428698321,0.009962447918951511
1257,29.740263294122002,0.009951998479664326
1258,29.76435989916635,0.009938552975654602
1259,29.59759932880015,0.009968037717044353
1260,29.628779763260997,0.009957519359886646
1261,29.727381245382833,0.009946872480213642
1262,29.668903786351493,0.00996339600533247
1263,29.570857501046234,0.00999803189188242
1264,29.7549225439168,0.009930272586643696
1265,29.590323598168023,0.009968905709683895
1266,29.781137937493124,0.00993428286164999
1267,29.657195664336875,0.009967861697077751
1268,29.44291800376069,0.010009762831032276
1269,29.66202061704187,0.009952730499207973
1270,29.65444272143989,0.009964190423488617
1271,29.656013167592366,0.00996010098606348
1272,29.745572417014543,0.009941519238054752
1273,29.715680175234507,0.009958844631910324
1274,29.72469592164174,0.009952436201274395
1275,29.671622612049894,0.00996288564056158
1276,29.741840372420395,0.009940039366483688
1277,29.553299423867628,0.009989485144615173
1278,29.72855934499236,0.009936637245118618
1279,29.63075579278712,0.009962272830307484
1280,29.556776094786393,0.009987332858145237
1281,29.722884271079316,0.00994118396192789
1282,29.737888203564786,0.009933113120496273
1283,29.70886319217263,0.009939545765519142
1284,29.637851479405555,0.009961612522602081
1285,29.65447551055061,0.00995489303022623
1286,29.717551453864456,0.009943517856299877
1287,29.72084252725606,0.009946780279278755
1288,29.737017102973713,0.00993895623832941
1289,29.588594449780594,0.009974405169487
1290,29.631792918380604,0.00996551662683487
1291,29.602628787790216,0.009987728670239449
1292,29.685071726555634,0.009944296441972256
1293,29.601284539101762,0.009955274872481823
1294,29.71104830003909,0.009936287067830563
1295,29.77100634121507,0.009925942867994308
1296,29.741057515199934,0.00994116347283125
1297,29.75765060209911,0.00993176456540823
1298,29.763225376149908,0.009931045584380627
1299,29.756924212409753,0.009930107742547989
1300,29.723993171748155,0.009934552013874054
1301,29.760232570093223,0.009929005987942219
1302,29.778347599628205,0.00992698222398758
1303,29.78126570121659,0.00993794109672308
1304,29.761156706438626,0.00993094127625227
1305,29.766024866164102,0.009938253089785576
1306,29.790559665541284,0.009922493249177933
1307,29.78309655048563,0.0099118547514081
1308,29.81803450369093,0.009915619157254696
1309,29.81840524173052,0.009908122010529041
1310,29.802036105254484,0.009908183477818966
1311,29.75769793663879,0.009930680505931377
1312,29.838879880168108,0.009911149740219116
1313,29.827206341174236,0.00991568062454462
1314,29.71462911258502,0.009935496374964714
1315,29.85476694952267,0.009902392514050007
1316,29.86725346342732,0.00990408193320036
1317,29.80056471938248,0.00991873536258936
1318,29.80931314206511,0.009913313202559948
1319,29.841576378548567,0.00990880187600851
1320,29.860762276142285,0.009900719858705997
1321,29.813324579212257,0.009913536719977856
1322,29.90233402046716,0.00988829880952835
1323,29.86614068421398,0.009903396479785442
1324,29.8541151568228,0.009903606958687305
1325,29.923337381618786,0.009873360395431519
1326,29.82400187822504,0.009902775287628174
1327,29.81960816519118,0.009907747618854046
1328,29.95645474554788,0.009876394644379616
1329,29.8927495647656,0.009885381907224655
1330,29.854039978602138,0.00989621877670288
1331,29.84350883626921,0.009906829334795475
1332,29.994572086021186,0.009862399660050869
1333,29.825668841567307,0.009904344566166401
1334,29.84180859521382,0.009896962903439999
1335,29.76390755489397,0.009915660135447979
1336,29.850734828568793,0.009897422976791859
1337,29.79872033279898,0.009905677288770676
1338,29.830525875099884,0.009889795444905758
1339,29.84002376101901,0.00990581139922142
1340,29.896176167973962,0.009881946258246899
1341,29.847339932700578,0.009893537499010563
1342,29.79254120441711,0.009900045581161976
1343,29.814235420646312,0.00990141648799181
1344,29.83022961945754,0.009901266545057297
1345,29.838916884384044,0.009903096593916416
1346,29.932803123368984,0.0098838210105896
1347,29.878519677126526,0.00989413820207119
1348,29.851980582239644,0.009892565198242664
1349,29.90181183446916,0.009882868267595768
1350,29.96247509789597,0.009875775314867496
1351,29.911984707482873,0.009882007725536823
1352,29.987969070295502,0.009863709099590778
1353,29.864403725115935,0.009891912341117859
1354,30.017613761107526,0.009854726493358612
1355,29.946808678958124,0.00986903253942728
1356,29.904570985794713,0.00987804401665926
1357,29.99473880266248,0.009862036444246769
1358,29.960406990617212,0.009874187409877777
1359,29.892487273478018,0.009885275736451149
1360,29.869789044730343,0.009887184016406536
1361,29.952257072644738,0.00985804945230484
1362,29.900344025516937,0.009875312447547913
1363,29.863630323455258,0.009886411018669605
1364,29.999730236634754,0.009859531186521053
1365,29.930965422441012,0.009882736019790173
1366,29.895881568779036,0.009876897558569908
1367,30.02552988124564,0.009843509644269943
1368,29.87271553494645,0.009886867366731167
1369,29.982215953051575,0.009866182692348957
1370,29.940231705085605,0.009874421171844006
1371,29.941427912551553,0.009872800670564175
1372,30.013507972165424,0.00984815414994955
1373,29.885663130487245,0.009878252632915974
1374,29.9630508564084,0.009862544946372509
1375,29.916023402657252,0.009866896085441113
1376,30.001308558232694,0.009847595356404781
1377,29.749080128144744,0.009905099868774414
1378,29.930199259630903,0.009866330772638321
1379,29.919799008329164,0.009865687228739262
1380,29.956426235724184,0.009865709580481052
1381,29.97155764710098,0.00986187718808651
1382,29.95760759765694,0.009860892780125141
1383,29.874134091506154,0.009882324375212193
1384,29.94890902637222,0.0098670469596982
1385,29.915835756216453,0.009865621104836464
1386,29.9461273153406,0.009858925826847553
1387,29.867726202301853,0.009882285259664059
1388,29.864277262553696,0.009873858653008938
1389,29.890417524667544,0.00987713411450386
1390,29.878918870159485,0.009868466295301914
1391,29.863347566153465,0.009884394705295563
1392,29.67733771075944,0.009932159446179867
1393,29.759661374387683,0.009901326149702072
1394,29.882583569066554,0.009882398881018162
1395,29.708346524867267,0.009916066192090511
1396,29.8098355423911,0.009893557988107204
1397,29.898874966871478,0.009867607615888119
1398,29.97126594525657,0.00985598936676979
1399,29.95532817254352,0.009861619211733341
1400,29.903106807421512,0.009862370789051056
1401,30.03570450587652,0.009832698851823807
1402,29.926455428305502,0.009868978522717953
1403,29.976503046958133,0.009853139519691467
1404,29.980920345841973,0.00984974205493927
1405,30.019251416298363,0.009834547527134418
1406,29.999686318432943,0.009851887822151184
1407,30.04041058763668,0.009842409752309322
1408,30.00643014317893,0.009836748242378235
1409,30.026600022200377,0.009836000390350819
1410,30.017674962427616,0.009844443760812283
1411,30.04542589514553,0.00984034314751625
1412,29.922275225110603,0.009860977530479431
1413,30.033026677176927,0.009836949408054352
1414,30.03911796982891,0.009841800667345524
1415,30.04342921355687,0.009836061857640743
1416,29.9942558908951,0.009843413718044758
1417,30.043865869572524,0.009845414198935032
1418,30.042146062180603,0.009839768521487713
1419,29.993254511393186,0.009844199754297733
1420,29.87449479343661,0.009874233976006508
1421,29.883497858684652,0.009861046448349953
1422,29.771418907371178,0.009902981109917164
1423,28.746316959383424,0.01021887082606554
1424,28.95465187542161,0.010128218680620193
1425,28.715965518649877,0.01018882542848587
1426,28.51345140539676,0.010290202684700489
1427,28.345820011238587,0.010362201370298862
1428,29.032996573424164,0.010120476596057415
1429,28.815078418272023,0.010157317854464054
1430,29.274517867211053,0.01004156842827797
1431,29.32442509394974,0.010044130496680737
1432,29.35125415066468,0.010038401000201702
1433,29.28567738361935,0.010040721856057644
1434,29.307953173120538,0.010036504827439785
1435,29.463575547001177,0.009995636530220509
1436,29.3645376702215,0.010020104236900806
1437,29.578808152280835,0.009982812218368053
1438,29.705062163630345,0.009944993071258068
1439,29.656617219675134,0.00995362363755703
1440,29.732641444603523,0.009932227432727814
1441,29.737095963355173,0.009928532876074314
1442,29.67220829113593,0.00994840171188116
1443,29.729064961590797,0.009928274899721146
1444,29.78535577307785,0.009906518273055553
1445,29.774563858925212,0.009908598847687244
1446,29.81410600097484,0.009900092147290707
1447,29.838676661828863,0.009892585687339306
1448,29.846228341288775,0.009889774955809116
1449,29.849751205611526,0.009889218024909496
1450,29.930837337729017,0.009870756417512894
1451,29.77139521677121,0.009910608641803265
1452,29.9736776259201,0.009860559366643429
1453,29.980174166937754,0.009860951453447342
1454,29.902060881428888,0.009865944273769855
1455,29.940156423967593,0.009864474646747112
1456,30.024980719152282,0.009849272668361664
1457,29.887123439698108,0.009876228868961334
1458,29.992832848503248,0.009848315268754959
1459,29.989896237795868,0.009847836568951607
1460,29.985989489997973,0.009855090640485287
1461,29.973833271217444,0.009849217720329762
1462,30.13142708112025,0.009824036620557308
1463,30.069344066607844,0.009837632067501545
1464,30.109852427369468,0.00982554629445076
1465,30.12041917725285,0.009832050651311874
1466,30.085172532393667,0.009827985428273678
1467,29.977337022951062,0.009836730547249317
1468,29.976068278553186,0.00983665231615305
1469,30.025392057451153,0.009829784743487835
1470,30.15215735940267,0.009817074984312057
1471,30.089151010922702,0.009825128130614758
1472,29.99623864088763,0.009837333112955093
1473,30.15210149163639,0.009814136661589146
1474,30.099167177640833,0.00981452502310276
1475,30.076745327377733,0.00982626248151064
1476,30.095652731697577,0.009820685721933842
1477,30.06810305978074,0.009822809137403965
1478,30.112192217374858,0.009814049117267132
1479,30.121290935208187,0.009814596734941006
1480,30.047889957892828,0.009819116443395615
1481,30.08797954575412,0.009817915968596935
1482,30.054109664814366,0.00982173252850771
1483,30.118761959628713,0.009810744784772396
1484,30.138663771832643,0.009810413233935833
1485,30.146710187416183,0.009804761968553066
1486,30.15869571034184,0.009800651110708714
1487,30.160324007702158,0.00980756338685751
1488,30.114940034334605,0.00980608630925417
1489,30.058828653267824,0.009812775067985058
1490,30.12045107798809,0.009808833710849285
1491,30.110136879555228,0.009808666072785854
1492,30.060706062281835,0.00981451477855444
1493,30.12563532929297,0.00980617105960846
1494,30.05421546421789,0.009827041067183018
1495,30.04050564629061,0.009818757884204388
1496,30.185950838731603,0.00978281069546938
1497,30.11474168429778,0.009806986898183823
1498,30.13433769403431,0.009787791408598423
1499,30.08181246230949,0.009803459979593754
1500,30.08873687764593,0.009807681664824486
1501,30.158022442489802,0.009795495308935642
1502,30.081947589321963,0.009804722853004932
1503,30.182108100963095,0.009796601720154285
1504,30.05349966976457,0.009821276180446148
1505,30.049418675860018,0.009825835935771465
1506,29.813565940063874,0.009873568080365658
1507,29.998031989785755,0.009835670702159405
1508,29.874271175034988,0.009857331402599812
1509,30.067552614431158,0.009824753738939762
1510,30.202365834460853,0.009794904850423336
1511,29.951275203252294,0.009844974614679813
1512,30.008665408226165,0.009824881330132484
1513,29.947500156610182,0.009842700324952602
1514,29.883183578052844,0.009871397167444229
1515,29.86153133087278,0.009873130358755589
1516,29.806252405503166,0.009882457554340363
1517,29.96111846272167,0.009848914109170437
1518,29.866473493481934,0.009866881184279919
1519,29.944522466929484,0.009836557321250439
1520,29.975791896321674,0.009835589677095413
1521,29.870127396835436,0.009865552186965942
1522,29.114222912155824,0.010073155164718628
1523,29.250347755213603,0.010060467757284641
1524,28.96786342853914,0.010126224718987942
1525,28.75448102726772,0.010198009200394154
1526,29.059281670300393,0.01008989941328764
1527,29.267422181741665,0.010041390545666218
1528,29.224366203583156,0.010067918337881565
1529,29.288373844129975,0.010032224468886852
1530,29.370318252710366,0.01000164169818163
1531,29.574078430725187,0.009948909282684326
1532,29.57612661495027,0.009954753331840038
1533,29.725114575011418,0.009913884103298187
1534,29.497196675561867,0.00996823888272047
1535,29.66300129379166,0.009914811700582504
1536,29.81337606316188,0.009893354028463364
1537,29.726187374507724,0.009909308515489101
1538,29.797399739355864,0.009889097884297371
1539,29.758996405721447,0.00989464670419693
1540,29.87374355614608,0.009880979545414448
1541,29.87521891938819,0.009879357181489468
1542,29.8890740677285,0.009870896115899086
1543,29.833395810977326,0.009885617531836033
1544,29.95527919717055,0.00985070038586855
1545,29.870192604043524,0.009863593615591526
1546,29.93048666447171,0.009861350990831852
1547,29.959231917083184,0.009854886680841446
1548,29.91924476897443,0.009855855256319046
1549,29.93298759537638,0.009850667789578438
1550,29.961060432948944,0.00983684603124857
1551,30.035684514378993,0.00983025785535574
1552,29.984238444790897,0.00984394084662199
1553,30.041456769794568,0.00983149278908968
1554,30.062586061599745,0.009831905364990234
1555,30.114650138647477,0.009810208342969418
1556,30.121928681863622,0.00981102604418993
1557,30.028537339021618,0.009829415939748287
1558,29.969618613100568,0.00984370056539774
1559,30.068119232454244,0.00981640163809061
1560,30.058690537159745,0.009814980439841747
1561,30.08817254664593,0.009806778281927109
1562,30.056708084625086,0.009821847081184387
1563,30.13827786033834,0.009808721020817757
1564,30.135207762736925,0.009799676947295666
1565,30.15913792869203,0.009790225885808468
1566,30.130385770815295,0.009789260104298592
1567,30.176880206606008,0.009787037037312984
1568,30.18042999854825,0.009787661023437977
1569,30.174699864914697,0.009786452166736126
1570,30.205008897017432,0.009782551787793636
1571,30.18316053621718,0.009781979955732822
1572,30.198373169093454,0.009787268005311489
1573,30.235924189415112,0.009774332866072655
1574,30.22436505776897,0.009779312647879124
1575,30.152142495131127,0.009782032109797001
1576,30.20258012627749,0.009777669794857502
1577,30.139846398894953,0.009789612144231796
1578,30.194513494839413,0.00976820383220911
1579,30.21414382662952,0.009771451354026794
1580,30.256580588276776,0.009761550463736057
1581,30.20517954988451,0.009769636206328869
1582,30.22116017828136,0.009773698635399342
1583,30.225121724980553,0.009768351912498474
1584,30.224102491216236,0.009764757938683033
1585,30.20476748268152,0.009765741415321827
1586,30.339569655091555,0.009747774340212345
1587,30.27348344561425,0.0097578726708889
1588,30.23388000526588,0.009765362367033958
1589,30.247847741293427,0.009759844280779362
1590,30.29303468112922,0.009752447716891766
1591,30.211205501364784,0.009761632420122623
1592,30.355951968722263,0.009741007350385189
1593,30.217329855960955,0.009771275334060192
1594,30.34914688468656,0.009741407819092274
1595,30.196204755755094,0.009773760102689266
1596,30.218472545060557,0.009757430292665958
1597,30.097198236090005,0.009793245233595371
1598,30.163227327867066,0.009782829321920872
1599,30.147673587198334,0.009786364622414112
1600,30.31333007114968,0.009754744358360767
1601,30.139227228780374,0.00978111196309328
1602,30.25025839385774,0.009758931584656239
1603,30.211923919015824,0.009763807989656925
1604,30.20649508647392,0.009760813787579536
1605,30.228889113677752,0.0097618093714118
1606,30.254460393791575,0.009752045385539532
1607,30.228298812947916,0.009756273590028286
1608,30.155022181091006,0.009777831844985485
1609,30.07950227358944,0.00979990977793932
1610,30.24692396596481,0.009753682650625706
1611,30.246078926075914,0.009759125299751759
1612,30.220423545723236,0.009760881774127483
1613,30.309758033732415,0.009741789661347866
1614,30.333735712860197,0.009737717919051647
1615,30.301075988985275,0.009739577770233154
1616,30.306426938274473,0.009738056920468807
1617,30.294267871571993,0.009737246669828892
1618,30.353486431586063,0.009732468985021114
1619,30.289648643204714,0.009736440144479275
1620,30.242469338735468,0.009743334725499153
1621,30.269551740250723,0.009739850647747517
1622,30.24758843969305,0.009740415029227734
1623,30.2272552763505,0.00975408498197794
1624,30.195709095688077,0.009764156304299831
1625,30.239795763363468,0.009744890965521336
1626,30.26632544813839,0.00974050909280777
1627,30.336592669863034,0.00973872747272253
1628,30.34417726484317,0.00972785335034132
1629,30.320279181899096,0.009737170301377773
1630,30.22712074141272,0.009761475957930088
1631,30.29512683937495,0.009752708487212658
1632,30.168068240490413,0.009765367954969406
1633,30.156037978999862,0.009763688780367374
1634,30.279202617087616,0.009753739461302757
1635,30.205953145592744,0.009769746102392673
1636,30.10026290045996,0.009764702059328556
1637,30.117355966753784,0.009761068038642406
1638,30.166719791290546,0.009762750938534737
1639,30.269390069716525,0.009747215546667576
1640,30.24866979931657,0.009750564582645893
1641,30.241916892268218,0.009744538925588131
1642,30.28161537918237,0.00974385067820549
1643,30.28509256588421,0.00973735935986042
1644,30.219090276336395,0.009752877987921238
1645,30.35539522917518,0.009719484485685825
1646,30.290369780165708,0.009733756072819233
1647,30.26590131568014,0.009739433415234089
1648,30.30496662907332,0.009727712720632553
1649,30.24976900399325,0.009732037782669067
1650,30.253333462586074,0.009736997075378895
1651,30.384515505161637,0.009722069837152958
1652,30.378053627803276,0.009722248651087284
1653,30.2335717090523,0.009741034358739853
1654,30.000484981215855,0.00980586651712656
1655,29.849045331293983,0.00983612984418869
1656,30.12615246635597,0.009769301861524582
1657,30.149155884167783,0.009770775213837624
1658,30.11926586278268,0.00977817177772522
1659,30.19436404442366,0.009762129746377468
1660,30.089590166760335,0.009770424105226994
1661,29.941156492628657,0.00982639193534851
1662,28.4529446333735,0.010274908505380154
1663,28.405477231768387,0.010307860560715199
1664,27.97930626517305,0.01042234431952238
1665,25.79561408112987,0.011533166281878948
1666,27.446706859245154,0.010686729103326797
1667,27.236847150451386,0.010769040323793888
1668,28.298044287364007,0.010380133986473083
1669,28.173722214573935,0.010405665263533592
1670,28.063631640589954,0.010423683561384678
1671,28.406855522736826,0.010314978659152985
1672,28.617825656722164,0.010234748013317585
1673,28.40030828649126,0.010302317328751087
1674,28.657809592616527,0.010236532427370548
1675,28.798817048439993,0.010210017673671246
1676,28.68862364288951,0.010253255255520344
1677,28.927719709016557,0.010178451426327229
1678,28.961839924657184,0.01015999261289835
1679,28.981244632773404,0.010134516283869743
1680,29.086104457333377,0.010093869641423225
1681,29.31142591457148,0.010038524866104126
1682,29.226264586034482,0.010075840167701244
1683,29.22569582866144,0.010088048875331879
1684,29.46272751513264,0.010004610754549503
1685,29.445935883946387,0.01000345777720213
1686,29.488360269970922,0.009980372153222561
1687,29.443016286790872,0.009988849982619286
1688,29.45567174474234,0.009989045560359955
1689,29.581298285788556,0.009962458163499832
1690,29.6277138350138,0.009951218031346798
1691,29.681758920010324,0.009934141300618649
1692,29.694861258794674,0.009932299144566059
1693,29.715596713406313,0.00991471391171217
1694,29.73366998370993,0.009917871095240116
1695,29.706418538964545,0.009929313324391842
1696,29.75808753929526,0.009913528338074684
1697,29.75043785615044,0.009912514127790928
1698,29.870166922544183,0.009879544377326965
1699,29.754012425341067,0.009892169386148453
1700,29.778605317726292,0.009887472726404667
1701,29.947391654466053,0.009860149584710598
1702,30.031322331958492,0.009853415191173553
1703,30.0296593637106,0.009850171394646168
1704,30.03837095583366,0.009852245450019836
1705,30.041413101810377,0.009840019978582859
1706,30.012192160784267,0.009845863096415997
1707,30.084697378361653,0.009827478788793087
1708,30.00995458413255,0.009838780388236046
1709,29.972383381203723,0.009850461035966873
1710,30.067578594469314,0.00981885101646185
1711,30.1192281603892,0.009808079339563847
1712,30.124239814059663,0.009812974371016026
1713,30.124305784426216,0.009807968512177467
1714,30.129180222399732,0.009805433452129364
1715,30.178814301519626,0.009801715612411499
1716,30.24456619750085,0.009785681962966919
1717,30.119197994322867,0.00981066096574068
1718,30.190286510823825,0.009798113256692886
1719,30.15512441312117,0.009798410348594189
1720,30.145550416377436,0.009794764220714569
1721,30.225173004455264,0.009786714799702168
1722,30.22498094645565,0.009780040942132473
1723,30.2509969565379,0.00977532472461462
1724,30.178374928702667,0.00979239959269762
1725,30.18618887058728,0.00977981835603714
1726,30.241509953430395,0.009773303754627705
1727,30.23511729802859,0.009768795222043991
1728,30.287277987140428,0.009759964421391487
1729,30.271522331346695,0.009762708097696304
1730,30.30180758336197,0.009765230119228363
1731,30.23487772650739,0.009774552658200264
1732,30.257998670988485,0.009772628545761108
1733,30.312334683855223,0.00975400023162365
1734,30.285225675080984,0.009765512309968472
1735,30.231976861999602,0.009770084172487259
1736,30.18299406308701,0.009767758660018444
1737,30.301626093419863,0.009755161590874195
1738,30.296205627957402,0.009758593514561653
1739,30.32967057076923,0.009750467725098133
1740,30.323366574330343,0.009745842777192593
1741,30.297702455976058,0.009745950810611248
1742,30.232801901463063,0.009761103428900242
1743,30.26829159110834,0.009768561460077763
1744,30.266283986981755,0.009761037304997444
1745,30.29513459195259,0.009738539345562458
1746,30.307116899079464,0.009745401330292225
1747,30.366209454637655,0.009737557731568813
1748,30.33917457440566,0.009742352180182934
1749,30.374707236371023,0.009728672914206982
1750,30.257932183417036,0.009746664203703403
1751,30.30867299318824,0.009741774760186672
1752,30.401209281835207,0.009718666784465313
1753,30.350717633568056,0.009735215455293655
1754,30.39634407279992,0.009736048057675362
1755,30.368747177680483,0.00973458867520094
1756,30.349892487180185,0.009744808077812195
1757,30.41983286906342,0.009723448194563389
1758,30.293459210582117,0.009743896313011646
1759,30.29024946917742,0.009747959673404694
1760,30.232641325275438,0.009753496386110783
1761,30.318599682698725,0.009744907729327679
1762,30.271340794963425,0.009750853292644024
1763,30.26212787502441,0.00973912701010704
1764,30.31191746420128,0.00973522663116455
1765,30.30919155291307,0.009740542620420456
1766,30.339868749966175,0.009733290411531925
1767,30.28453123344668,0.00974749494343996
1768,30.353565756490532,0.009739631786942482
1769,30.32447737130176,0.00973378587514162
1770,30.281544092953002,0.009741834364831448
1771,30.306462248048952,0.009727434255182743
1772,30.340197458197785,0.009716863743960857
1773,30.31988907950438,0.009726718068122864
1774,30.324745894436038,0.009727747179567814
1775,30.34180826885748,0.00972637441009283
1776,30.33747456578655,0.009723980911076069
1777,30.409010030739402,0.009710927493870258
1778,30.391233456200144,0.009716103784739971
1779,30.386425927933722,0.00972173735499382
1780,30.340085927153737,0.009724476374685764
1781,30.373936492357853,0.009716774336993694
1782,30.354509426957023,0.009725823067128658
1783,30.304218665084946,0.009721294045448303
1784,30.303670362294767,0.009725482203066349
1785,30.40692927088193,0.009709781967103481
1786,30.341892822799252,0.009723042137920856
1787,30.300804922926027,0.009727362543344498
1788,30.303341917779285,0.00972785335034132
1789,30.294705084709115,0.009726188145577908
1790,30.31005503498423,0.009719411842525005
1791,30.324778367732602,0.009722314774990082
1792,30.301653479140104,0.009730207733809948
1793,30.3197485771172,0.009724290110170841
1794,30.348675675484465,0.00971321389079094
1795,30.18182849571863,0.0097470972687006
1796,30.39060684824962,0.00971970520913601
1797,30.335324334985152,0.009727039374411106
1798,30.288224413755987,0.009733312763273716
1799,30.400679991135206,0.009707278572022915
Final,30.431155645958093
